review,rating,platform,reviewer_name,date
"Fantastisk produkt! Mycket nöjd med köpet. Snabb leverans och bra kvalitet.",5,Google Reviews,Anna S,2024-08-20
"Dålig kvalitet, rekommenderar inte. Produkten gick sönder efter en vecka.",2,Trustpilot,Erik L,2024-08-19
"Bra service och snabb leverans. Helt okej produkt för priset.",4,Shopify,Maria K,2024-08-18
"Otroligt imponerad av kvaliteten! Överträffade mina förväntningar helt.",5,Google Reviews,Johan P,2024-08-17
"Hemsk upplevelse. Långsam leverans och produkten var skadad.",1,Trustpilot,Lisa N,2024-08-16
"Prisvärd och funktionell. Rekommenderar starkt till andra.",4,Google Reviews,Per A,2024-08-15
"Helt okej, inget speciellt men fungerar som det ska.",3,Shopify,Sara B,2024-08-14
"Excellent product quality! Very satisfied with my purchase.",5,Amazon,David M,2024-08-13
"Besviken på produkten. Inte värt pengarna alls.",2,Trustpilot,Karin T,2024-08-12
"Strålande kundservice! Hjälpsam personal och professionell hantering.",5,Google Reviews,Lars G,2024-08-11
"Complicated setup and poor instructions. Not user-friendly at all.",2,Amazon,Sarah J,2024-08-10
"Superbra köp! Kan varmt rekommendera till alla som letar efter kvalitet.",5,Shopify,Ingrid H,2024-08-09
"Produkten är okej men kunde vara bättre för priset. Ganska nöjd.",3,Google Reviews,Magnus R,2024-08-08
"Terrible customer service. Waited weeks for a response. Very disappointed.",1,Trustpilot,Emma W,2024-08-07
"Underbar design och mycket användarvänlig. Älskar denna produkt!",5,Shopify,Astrid F,2024-08-06
"Slow delivery but good product quality. Mixed feelings about this purchase.",3,Amazon,Robert K,2024-08-05
"Riktigt dåligt. Slöseri med pengar. Skulle aldrig köpa igen.",1,Trustpilot,Nils V,2024-08-04
"Bästa köpet på länge! Fantastisk kvalitet och väldigt nöjd kund.",5,Google Reviews,Ulla E,2024-08-03
"Average product, nothing special. Works fine but not impressive.",3,Amazon,Michael C,2024-08-02
"Toppenklass produkt med utmärkt design. Rekommenderar varmt!",5,Shopify,Gunnar O,2024-08-01